{
  "trial": 10,
  "score": 2.061576884617925,
  "params": {
    "k": 38,
    "eps": 1.2310568997881801,
    "tau": 0.42437744520345005
  },
  "user_attrs": {
    "fiedler": 0.6076613,
    "mrr_proxy": 2.80555,
    "n_probe": 50,
    "n_sample": 5000,
    "tau": 0.424377,
    "var_lambda": 0.02773348
  },
  "timestamp": "20260429_170712",
  "study_name": "arrowspace_tuner",
  "n_trials": 31
}