{
  "config": {
    "eps": 0.35,
    "k": 30,
    "topk": 15,
    "p": 2.0,
    "sigma": null
  },
  "embedding": "nomic_full_768d_normalised",
  "n_queries": 1379,
  "n_rows": 4137,
  "hit_rate": 0.864394488759971,
  "mrr": 0.5984805233173616,
  "ndcg": 0.38985806925231803,
  "recall_tier2": 0.07137626832605123,
  "lambda0_count": 0,
  "lambda0_pct": 0.0,
  "build_time_s": 71.09064176189713,
  "eval_time_s": 2025.6068424389232,
  "per_profile": {
    "Hit@12": {
      "q_medium": 0.8869,
      "q_sentence": 0.8716,
      "q_verbose": 0.8347
    },
    "MRR": {
      "q_medium": 0.6006,
      "q_sentence": 0.6169,
      "q_verbose": 0.5779
    },
    "NDCG@12": {
      "q_medium": 0.3971,
      "q_sentence": 0.3957,
      "q_verbose": 0.3768
    },
    "Recall@T2": {
      "q_medium": 0.074,
      "q_sentence": 0.0716,
      "q_verbose": 0.0685
    }
  }
}